{
  "hospital_a": {
    "random_forest": {
      "feature_importances": [
        0.6281806875008675,
        0.3486661010753741,
        0.02315321142375847
      ],
      "n_estimators": 50,
      "performance": {
        "mse": 16.46380522786795,
        "mae": 2.898530022618997,
        "r2": 0.8878730570607181
      }
    },
    "mlp": {
      "coefs_shapes": [
        [
          3,
          16
        ],
        [
          16,
          8
        ],
        [
          8,
          1
        ]
      ],
      "intercepts_shapes": [
        [
          16
        ],
        [
          8
        ],
        [
          1
        ]
      ],
      "n_layers": 4,
      "performance": {
        "mse": 12.716829191513089,
        "mae": 2.6006849158388206,
        "r2": 0.9133918822902622
      }
    }
  },
  "hospital_b": {
    "random_forest": {
      "feature_importances": [
        0.6649254684382434,
        0.3340914593154613,
        0.0009830722462953435
      ],
      "n_estimators": 50,
      "performance": {
        "mse": 22.93098943644587,
        "mae": 3.236881950513732,
        "r2": 0.8552532150763753
      }
    },
    "mlp": {
      "coefs_shapes": [
        [
          3,
          16
        ],
        [
          16,
          8
        ],
        [
          8,
          1
        ]
      ],
      "intercepts_shapes": [
        [
          16
        ],
        [
          8
        ],
        [
          1
        ]
      ],
      "n_layers": 4,
      "performance": {
        "mse": 14.337895431846599,
        "mae": 2.766482001523087,
        "r2": 0.9094952151069244
      }
    }
  },
  "hospital_c": {
    "random_forest": {
      "feature_importances": [
        0.6473209464738615,
        0.3493342754686349,
        0.0033447780575035775
      ],
      "n_estimators": 50,
      "performance": {
        "mse": 28.609150212381138,
        "mae": 3.095270024972506,
        "r2": 0.8732200190357199
      }
    },
    "mlp": {
      "coefs_shapes": [
        [
          3,
          16
        ],
        [
          16,
          8
        ],
        [
          8,
          1
        ]
      ],
      "intercepts_shapes": [
        [
          16
        ],
        [
          8
        ],
        [
          1
        ]
      ],
      "n_layers": 4,
      "performance": {
        "mse": 11.872651518742176,
        "mae": 2.4093704552234168,
        "r2": 0.9473869540909937
      }
    }
  }
}