,mse,mae,r2
random_forest,16.46380522786795,2.898530022618997,0.8878730570607181
mlp,12.716829191513089,2.6006849158388206,0.9133918822902622
