,mse,mae,r2
random_forest,22.93098943644587,3.236881950513732,0.8552532150763753
mlp,14.337895431846599,2.766482001523087,0.9094952151069244
