,mse,mae,r2
random_forest,28.609150212381138,3.095270024972506,0.8732200190357199
mlp,11.872651518742176,2.4093704552234168,0.9473869540909937
